"","SNP","chr","chr_position","mapped_other_assembly","local_loci","avg_het","allele_orig","gmaf","mapweight","snp_type","chr_hits","ctg_hits","total_hits","ctg_accession","ctg_version","ctg_id","ctg_position","s.e._het","max_prob","validated","genotypes","linkouts","orig_build","upd_build","suspect","clin_sign"
"rs1047456","rs1047456",7,130508976,"GRCh38.p7","COPG2",0.413374," ","A:5008:0.230831",2,0,1,1,1,"NT_007933",16,"NT_007933.16",68002197,0.189233,NA,59,1,1,86,149,0," "
"rs10144253","rs10144253",14,100859625,"GRCh38.p7","MEG3",0.277067," ","C:5008:0.166134",2,0,1,1,1,"NT_026437",13,"NT_026437.13",82636102,0.24853,NA,51,1,1,119,149,0," "
"rs1058009","rs1058009",14,100734523,"GRCh38.p7","DLK1",0.133792," ","A:5008:0.0555112",2,0,1,1,1,"NT_026437",13,"NT_026437.13",82511000,0.22135,NA,51,1,1,86,149,0," "
"rs9304785","rs9304785",19,56820544,"GRCh38.p7","PEG3,ZIM2",0.355525," ","C:5008:0.23123",2,0,1,1,1,"NT_011109",17,"NT_011109.17",29579670,0.226637,NA,59,1,1,119,149,0," "
"rs13073","rs13073",7,94667457,"GRCh38.p7","PEG10",0.35894," ","T:5008:0.234425",2,0,1,1,1,"NT_007933",16,"NT_007933.16",32160678,0.225016,NA,63,1,1,52,149,0," "
"rs2732029","rs2732029",15,24990569,"GRCh38.p7","",0.447032," ","A:5008:0.33726",2,0,1,1,1,"NT_010194",18,"NT_010194.18",1713695,0.153878,NA,63,1,1,100,149,0," "
"rs6578283","rs6578283",11,2652345,"GRCh38.p7","KCNQ1,KCNQ1OT1",0.450105," ","G:5008:0.342053",2,0,1,1,1,"NT_009237",19,"NT_009237.19",2592345,0.149859,NA,59,1,1,116,149,0," "
"rs10147988","rs10147988",14,100831178,"GRCh38.p7","MEG3",0.464629," ","G:5008:0.367013",2,0,1,1,1,"NT_026437",13,"NT_026437.13",82607655,0.128197,NA,59,1,1,119,149,0," "
"rs1055359","rs1055359",19,56812972,"GRCh38.p7","PEG3,PEG3-AS1,ZIM2",0.354235," ","C:5008:0.230032",2,0,1,1,1,"NT_011109",17,"NT_011109.17",29572098,0.227234,NA,55,1,1,86,149,0," "
"rs231357","rs231357",11,2683945,"GRCh38.p7","KCNQ1,KCNQ1OT1",0.357238," ","A:5008:0.232827",2,0,1,1,1,"NT_009237",19,"NT_009237.19",2623945,0.225832,99,63,1,1,79,149,0," "
"rs3809402","rs3809402",14,101006383,"GRCh38.p7","",0.487305," ","A:5008:0.420327",2,0,1,1,1,"NT_026437",13,"NT_026437.13",82782860,0.0786545,NA,59,1,1,107,149,0," "
"rs8056000","rs8056000",16,3444322,"GRCh38.p7","NAA60,ZNF597",0.497613," ","T:5008:0.465455",2,0,1,1,1,"NT_010393",17,"NT_010393.17",3434322,0.0344622,NA,59,1,1,116,149,0," "
"rs10770125","rs10770125",11,2147784,"GRCh38.p7","IGF2,IGF2-AS,INS-IGF2",0.487675," ","G:5008:0.347843",2,0,1,1,1,"NT_009237",19,"NT_009237.19",2087784,0.0775293,NA,59,1,1,120,149,0," "
"rs3732084","rs3732084",2,206309592,"GRCh38.p7","ZDBF2",0.496889," ","C:5008:0.475639",2,0,1,2,2,"NT_005403",18,"NT_005403.18",111813577,0.0393191,NA,59,1,1,107,149,0," "
"rs10132552","rs10132552",14,100834675,"GRCh38.p7","MEG3",0.362104," ","C:5008:0.23742",2,0,1,1,1,"NT_026437",13,"NT_026437.13",82611152,0.223456,NA,59,1,1,119,149,0," "
"rs2071972","rs2071972",20,43528597,"GRCh38.p7","L3MBTL1",0.460589," ","T:5008:0.359625",2,0,1,1,1,"NT_011362",11,"NT_011362.11",12477089,0.13473,NA,59,1,1,96,149,0," "
"rs2269623","rs2269623",20,43549795,"GRCh38.p7","",0.486464," ","T:5008:0.417732",2,0,1,1,1,"NT_011362",11,"NT_011362.11",12498287,0.0811471,NA,59,1,1,100,149,0," "
"rs7160787","rs7160787",14,100893831,"GRCh38.p7","LOC107987208,MEG8",0.322959," ","T:5008:0.202476",2,0,1,1,1,"NT_026437",13,"NT_026437.13",82670308,0.239117,NA,59,1,1,116,149,0," "
"rs5760101","rs5760101",22,23906525,"GRCh38.p7","",0.404209," ","T:5008:0.28115",2,0,1,2,2,"NT_011520",13,"NT_011520.13",5196961,0.196773,NA,59,1,1,114,149,0," "
"rs7582864","rs7582864",2,206307903,"GRCh38.p7","ZDBF2",0.498277," ","G:5008:0.457867",2,0,1,2,2,"NT_005403",18,"NT_005403.18",111811888,0.0292996,NA,59,1,1,116,149,0," "
"rs4801389","rs4801389",19,56827839,"GRCh38.p7","PEG3,ZIM2",0.357877," ","C:5008:0.233427",2,0,1,1,1,"NT_011109",17,"NT_011109.17",29586965,0.225527,NA,51,1,1,111,149,0," "
"rs3814105","rs3814105",7,94657752,"GRCh38.p7","PEG10,SGCE",0.282105," ","G:5008:0.169928",2,0,1,1,1,"NT_007933",16,"NT_007933.16",32150973,0.24793,NA,51,1,1,107,149,0," "
"rs2585","rs2585",11,2129214,"GRCh38.p7","IGF2,INS-IGF2",0.431029," ","T:5008:0.314297",2,0,1,1,1,"NT_009237",19,"NT_009237.19",2069214,0.17242,NA,63,1,1,36,149,0," "
"rs2867725","rs2867725",20,43542842,"GRCh38.p7","",0.33693," ","C:5008:0.214457",2,0,1,1,1,"NT_011362",11,"NT_011362.11",12491334,0.2344,NA,59,1,1,101,149,0," "
"rs1054013","rs1054013",14,100846532,"GRCh38.p7","MEG3",0.350982," ","A:5008:0.227037",2,0,1,1,1,"NT_026437",13,"NT_026437.13",82623009,0.228698,NA,63,1,1,86,149,0," "
"rs231348","rs231348",11,2652451,"GRCh38.p7","KCNQ1,KCNQ1OT1",0.204189," ","T:5008:0.115415",2,0,1,1,1,"NT_009237",19,"NT_009237.19",2592451,0.245767,NA,63,1,1,79,149,0," "
"rs1065687","rs1065687",11,2131409,"GRCh38.p7","IGF2,INS-IGF2",0.0228947," ","T:5008:0.0115815",2,0,1,1,1,"NT_009237",19,"NT_009237.19",2071409,0.104514,NA,51,1,1,86,149,0," "
"rs9403540","rs9403540",6,143971450,"GRCh38.p7","LOC107986657,PLAGL1",0.400147," ","G:5008:0.276558",2,0,1,1,1,"NT_025741",16,"NT_025741.16",83741516,0.19989,NA,59,1,1,119,149,0," "
"rs1053900","rs1053900",14,100835529,"GRCh38.p7","MEG3",0.498059," ","T:5008:0.46885",2,0,1,1,1,"NT_026437",13,"NT_026437.13",82612006,0.0310896,NA,59,1,1,86,149,0," "
"rs11696808","rs11696808",20,43539021,"GRCh38.p7","L3MBTL1",0.32955," ","A:5008:0.208067",2,0,1,1,1,"NT_011362",11,"NT_011362.11",12487513,0.237006,NA,51,1,1,120,149,0," "
"rs17115143","rs17115143",15,25062735,"GRCh38.p7","SNORD116-5",0.442791," ","A:5008:0.330871",2,0,1,1,1,"NT_010194",18,"NT_010194.18",1785861,0.15916,NA,51,1,1,123,149,0," "
"rs12890215","rs12890215",14,100835968,"GRCh38.p7","MEG3",0.335101," ","C:5008:0.212859",2,0,1,1,1,"NT_026437",13,"NT_026437.13",82612445,0.23507,NA,51,1,1,121,149,0," "
"rs4900477","rs4900477",14,100842045,"GRCh38.p7","MEG3",0.398714," ","C:5008:0.27496",2,0,1,1,1,"NT_026437",13,"NT_026437.13",82618522,0.200958,NA,59,1,1,111,149,0," "
"rs8110350","rs8110350",19,53578661,"GRCh38.p7","ZNF331",0.383246," ","A:5008:0.258387",2,0,1,1,1,"NT_011109",17,"NT_011109.17",26337787,0.211531,NA,59,1,1,116,149,0," "
"rs4900482","rs4900482",14,101068422,"GRCh38.p7","MEG9",0.340108," ","T:5008:0.217252",2,0,1,1,1,"NT_026437",13,"NT_026437.13",82844899,0.233197,NA,59,1,1,111,149,0," "
"rs7153819","rs7153819",14,100845429,"GRCh38.p7","MEG3",0.150001," ","T:5008:0.090655",2,0,1,1,1,"NT_026437",13,"NT_026437.13",82621906,0.229129,NA,51,1,1,116,149,0," "
"rs8110538","rs8110538",19,53578644,"GRCh38.p7","ZNF331",0.384209," ","G:5008:0.259385",2,0,1,1,1,"NT_011109",17,"NT_011109.17",26337770,0.210922,NA,59,1,1,116,149,0," "
"rs1448902","rs1448902",2,206313698,"GRCh38.p7","ZDBF2",0.459233," ","G:5008:0.357228",2,0,1,2,2,"NT_005403",18,"NT_005403.18",111817683,0.136827,99,59,1,1,88,149,0," "
"rs6100260","rs6100260",20,58877826,"GRCh38.p7","GNAS,LOC101927932",0.388587," ","T:5008:0.263978",2,0,1,1,1,"NT_011362",11,"NT_011362.11",27826318,0.208071,NA,59,1,1,114,149,0," "
"rs17073273","rs17073273",6,143967413,"GRCh38.p7","LOC107986657,PLAGL1",0.420255," ","C:5008:0.300319",2,0,1,1,1,"NT_025741",16,"NT_025741.16",83737479,0.183066,NA,51,1,1,123,149,0," "
"rs1124767","rs1124767",15,25081026,"GRCh38.p7","SNORD116-15,SNORD116-16",0.484632," ","T:5008:0.41234",2,0,1,1,1,"NT_010194",18,"NT_010194.18",1804152,0.086302,99,59,1,1,86,149,0," "
"rs2286751","rs2286751",19,56782026,"GRCh38.p7","ZIM2,ZIM2-AS1",0.33005," ","A:5008:0.252796",2,0,1,1,1,"NT_011109",17,"NT_011109.17",29541152,0.236837,NA,51,1,1,100,149,0," "
"rs2268444","rs2268444",6,143951766,"GRCh38.p7","PLAGL1",0.21695," ","A:5008:0.123802",2,0,1,1,1,"NT_025741",16,"NT_025741.16",83721832,0.247806,NA,51,1,1,100,149,0," "
"rs2064494","rs2064494",6,143948796,"GRCh38.p7","PLAGL1",0.397809," "," ",2,0,1,1,1,"NT_025741",16,"NT_025741.16",83718862,0.201625,NA,59,1,1,94,147,0," "
"rs12574151","rs12574151",11,2659888,"GRCh38.p7","KCNQ1,KCNQ1OT1",0.136166," ","G:5008:0.0734824",2,0,1,1,1,"NT_009237",19,"NT_009237.19",2599888,0.22258,NA,51,1,1,120,149,0," "
"rs2071970","rs2071970",20,43532243,"GRCh38.p7","L3MBTL1",0.486855," ","A:5008:0.41893",2,0,1,1,1,"NT_011362",11,"NT_011362.11",12480735,0.0799975,NA,59,1,1,96,149,0," "
"rs2281511","rs2281511",14,100857696,"GRCh38.p7","MEG3",0.327445," ","A:5008:0.20627",2,0,1,1,1,"NT_026437",13,"NT_026437.13",82634173,0.237702,NA,59,1,1,100,149,0," "
"rs12528876","rs12528876",6,143953073,"GRCh38.p7","PLAGL1",0.355954," ","C:5008:0.231629",2,0,1,1,1,"NT_025741",16,"NT_025741.16",83723139,0.226437,NA,51,1,1,120,149,0," "
"rs11665694","rs11665694",19,53540815,"GRCh38.p7","ZNF331",0.227959," ","T:5008:0.13119",2,0,1,1,1,"NT_011109",17,"NT_011109.17",26299941,0.249026,NA,51,1,1,120,149,0," "
"rs16985032","rs16985032",19,53563035,"GRCh38.p7","ZNF331",0.153665," ","T:5008:0.0838658",2,0,1,1,1,"NT_011109",17,"NT_011109.17",26322161,0.230694,NA,51,1,1,123,149,0," "
"rs3803326","rs3803326",15,25083568,"GRCh38.p7","SNORD116-17,SNORD116-18",0.4894," ","T:5008:0.411741",2,0,1,1,1,"NT_010194",18,"NT_010194.18",1806694,0.0720239,NA,59,1,1,107,149,0," "
"rs3741211","rs3741211",11,2147880,"GRCh38.p7","IGF2,IGF2-AS,INS-IGF2",0.437401," ","G:5008:0.323083",2,0,1,1,1,"NT_009237",19,"NT_009237.19",2087880,0.165472,NA,51,1,1,107,149,0," "
"rs4673350","rs4673350",2,206314148,"GRCh38.p7","ZDBF2",0.482008," ","T:5008:0.405152",2,0,1,2,2,"NT_005403",18,"NT_005403.18",111818133,0.0931261,NA,51,1,1,111,149,0," "
"rs3742952","rs3742952",15,25105879,"GRCh38.p7","SNORD116-29",0.493793," ","A:5008:0.444289",2,0,1,1,1,"NT_010194",18,"NT_010194.18",1829005,0.055364,NA,59,1,1,107,149,0," "
"rs7158663","rs7158663",14,100853087,"GRCh38.p7","MEG3",0.499527," ","A:5008:0.484625",2,0,1,1,1,"NT_026437",13,"NT_026437.13",82629564,0.0153681,NA,59,1,1,116,149,0," "
"rs3742395","rs3742395",14,100847649,"GRCh38.p7","MEG3",0.48955," ","T:5008:0.427716",2,0,1,1,1,"NT_026437",13,"NT_026437.13",82624126,0.071525,NA,59,1,1,107,149,0," "
"rs6575805","rs6575805",14,100882680,"GRCh38.p7","MIR127,MIR432,RTL1",0.438532," ","A:5008:0.354233",2,0,1,1,1,"NT_026437",13,"NT_026437.13",82659157,0.164182,NA,59,1,1,116,149,0," "
"rs3761264","rs3761264",20,58838316,"GRCh38.p7","GNAS,GNAS-AS1",0.487177," ","T:5008:0.419928",2,0,1,1,1,"NT_011362",11,"NT_011362.11",27786808,0.0790385,NA,59,1,1,107,149,0," "
"rs8016185","rs8016185",14,101067047,"GRCh38.p7","MIR656",0.435263," ","T:5008:0.320088",2,0,1,1,1,"NT_026437",13,"NT_026437.13",82843524,0.167862,NA,59,1,1,116,149,0," "
"rs6073119","rs6073119",20,43530692,"GRCh38.p7","L3MBTL1",0.264084," ","T:5008:0.15655",2,0,1,1,1,"NT_011362",11,"NT_011362.11",12479184,0.249603,NA,51,1,1,114,149,0," "
"rs1549475","rs1549475",15,25001297,"GRCh38.p7","",0.450231," ","T:5008:0.342252",2,0,1,1,1,"NT_010194",18,"NT_010194.18",1724423,0.149691,99,63,1,1,88,149,0," "
"rs7160462","rs7160462",14,100919936,"GRCh38.p7","",0.499839," ","G:5008:0.491014",2,0,1,1,1,"NT_026437",13,"NT_026437.13",82696413,0.00898417,NA,51,1,1,116,149,0," "
"rs3741219","rs3741219",11,1995389,"GRCh38.p7","H19,HOTS,MRPL23",0.487447," ","G:5008:0.298323",2,0,1,1,1,"NT_009237",19,"NT_009237.19",1935389,0.0782244,NA,59,1,1,107,149,0," "
"rs6030947","rs6030947",20,43539785,"GRCh38.p7","L3MBTL1",0.329317," ","T:5008:0.207867",2,0,1,1,1,"NT_011362",11,"NT_011362.11",12488277,0.237084,NA,59,1,1,114,149,0," "
"rs17122278","rs17122278",11,118578655,"GRCh38.p7","ARCN1",0.342358," ","G:5008:0.219249",2,0,1,1,1,"NT_033899",9,"NT_033899.9",30575759,0.232314,NA,51,1,1,123,149,0," "
"rs3213216","rs3213216",11,2136949,"GRCh38.p7","IGF2,INS-IGF2",0.400147," ","T:5008:0.276558",2,0,1,1,1,"NT_009237",19,"NT_009237.19",2076949,0.19989,NA,59,1,1,106,149,0," "
"rs1956124","rs1956124",14,100913259,"GRCh38.p7","",0.465578," ","G:5008:0.36881",2,0,1,1,1,"NT_026437",13,"NT_026437.13",82689736,0.126594,NA,59,1,1,92,149,0," "
"rs40223","rs40223",16,3453738,"GRCh38.p7","NAA60",0.14665," ","T:5008:0.0796725",2,0,1,1,1,"NT_010393",17,"NT_010393.17",3443738,0.227637,97,51,1,1,76,149,0," "
"rs231349","rs231349",11,2651591,"GRCh38.p7","KCNQ1,KCNQ1OT1",0.200182," ","T:5008:0.112819",2,0,1,1,1,"NT_009237",19,"NT_009237.19",2591591,0.244986,NA,59,1,1,79,149,0," "
"rs9679697","rs9679697",2,206291658,"GRCh38.p7","ZDBF2",0.485596," ","G:5008:0.415136",2,0,1,1,1,"NT_005403",18,"NT_005403.18",111795643,0.0836329,NA,59,1,1,119,149,0," "
"rs17207180","rs17207180",19,53581400,"GRCh38.p7","",0.0810805," ","A:5008:0.0423323",2,0,1,1,1,"NT_011109",17,"NT_011109.17",26340526,0.184299,NA,51,1,1,123,149,0," "
"rs7873","rs7873",11,2129467,"GRCh38.p7","IGF2,INS-IGF2",0.209388," ","C:5008:0.11881",2,0,1,1,1,"NT_009237",19,"NT_009237.19",2069467,0.246679,NA,51,1,1,52,149,0," "
"rs10832430","rs10832430",11,2633443,"GRCh38.p7","KCNQ1,KCNQ1OT1",0.456803," ","A:5008:0.353035",2,0,1,1,1,"NT_009237",19,"NT_009237.19",2573443,0.140473,NA,59,1,1,120,149,0," "
"rs13526","rs13526",15,25119883,"GRCh38.p7","IPW",0.491629," ","A:5008:0.435304",2,0,1,1,1,"NT_010194",18,"NT_010194.18",1843009,0.0641526,NA,59,1,1,52,149,0," "
"rs2831249","rs2831249",21,27937753,"GRCh38.p7","",0.206642," ","G:5008:0.117013",2,0,1,1,1,"NT_011512",12,"NT_011512.12",14971945,0.246211,NA,55,1,1,100,149,0," "
"rs2268447","rs2268447",6,143956958,"GRCh38.p7","PLAGL1",0.489318," ","T:5008:0.426917",2,0,1,1,1,"NT_025741",16,"NT_025741.16",83727024,0.0722982,NA,59,1,1,100,149,0," "
"rs4525426","rs4525426",14,101058819,"GRCh38.p7","MIR154,MIR496",0.428333," ","A:5008:0.310703",2,0,1,1,1,"NT_026437",13,"NT_026437.13",82835296,0.175206,NA,59,1,1,111,149,0," "
"rs10411772","rs10411772",19,53545697,"GRCh38.p7","ZNF331",0.309154," ","C:5008:0.191094",2,0,1,1,1,"NT_011109",17,"NT_011109.17",26304823,0.242901,NA,59,1,1,119,149,0," "
"rs10418924","rs10418924",19,53546642,"GRCh38.p7","ZNF331",0.232943," ","G:5008:0.134585",2,0,1,1,1,"NT_011109",17,"NT_011109.17",26305768,0.249417,NA,51,1,1,119,149,0," "
"rs8012953","rs8012953",14,100856874,"GRCh38.p7","MEG3",0.438806," ","T:5008:0.32508",2,0,1,1,1,"NT_026437",13,"NT_026437.13",82633351,0.163867,NA,59,1,1,116,149,0," "
"rs12737","rs12737",16,3436285,"GRCh38.p7","ZNF597",0.32885," ","C:5008:0.207468",2,0,1,1,1,"NT_010393",17,"NT_010393.17",3426285,0.23724,99,51,1,1,52,149,0," "
"rs7752440","rs7752440",6,143997296,"GRCh38.p7","PLAGL1",0.345482," ","A:5008:0.222045",2,0,1,1,1,"NT_025741",16,"NT_025741.16",83767362,0.231048,NA,59,1,1,116,149,0," "
"rs10409187","rs10409187",19,53572063,"GRCh38.p7","ZNF331",0.482234," ","T:5008:0.405751",2,0,1,1,1,"NT_011109",17,"NT_011109.17",26331189,0.0925596,NA,59,1,1,119,149,0," "
"rs13226637","rs13226637",7,94667481,"GRCh38.p7","PEG10",0.281313," ","T:5008:0.169329",2,0,1,1,1,"NT_007933",16,"NT_007933.16",32160702,0.248031,NA,59,1,1,121,149,0," "
"rs10145648","rs10145648",14,100838783,"GRCh38.p7","MEG3",0.376989," ","C:5008:0.251997",2,0,1,1,1,"NT_026437",13,"NT_026437.13",82615260,0.215346,NA,59,1,1,119,149,0," "
